ID,Domain,URL,Authority,Organic Traffic,Country,Province,City,Industry,Topical Relevance,Local Relevance,Editorial Quality,Opportunity Type,Existing Link,Target URL,Suggested Anchor,Acquisition Method,Contact,Cost,Sponsored/Nofollow Requirement,Risk,Priority,Evidence,Status,Last Checked,Agent Notes,Debate Result,Final Decision
1,swrbot.com,https://swrbot.com,verify,verify,Canada,BC,White Rock / South Surrey,Chamber of Commerce,High,High,Medium,Chamber member directory listing,No,https://www.towingno1.com,TowingNo.1 — 24/7 towing & roadside assistance Surrey & South Surrey,Join as member + complete profile,swrbot.com/membership,Membership fee,No,Low,P1,Confirmed real org (agent web_search); core service territory,OPPORTUNITY,2026-10-05,Covers White Rock/South Surrey/Ocean Park — primary territory. Add NAP + services + website.,APPROVED,ADD
2,business.langleychamber.com,https://business.langleychamber.com,verify,verify,Canada,BC,Langley,Chamber of Commerce,High,High,Medium,Chamber member directory listing,No,https://www.towingno1.com/locations/langley,Tow Truck Langley — 24/7 towing & roadside help,Join as member + member directory,business.langleychamber.com/members,Membership fee,No,Low,P1,Confirmed real org; Langley is priority service area,OPPORTUNITY,2026-10-05,Langley is #2 priority city. Member listing + any spotlight opportunity.,APPROVED,ADD
3,businessinsurrey.com,https://businessinsurrey.com,verify,verify,Canada,BC,Surrey,Chamber of Commerce,High,High,Medium,Chamber member directory listing,No,https://www.towingno1.com/locations/surrey,Tow Truck Surrey BC — 24/7 emergency towing,Join as member + complete profile,businessinsurrey.com,Membership fee,No,Low,P1,Confirmed real org; Surrey is primary city,OPPORTUNITY,2026-10-05,Surrey Board of Trade. Highest-priority local association for the primary market.,APPROVED,ADD
4,bbb.org,https://www.bbb.org/ca/bc,verify,verify,Canada,BC,Vancouver (Mainland BC),Consumer trust,High,Medium,High,Business accreditation + trusted NAP citation,No,https://www.towingno1.com,TowingNo.1 — towing & roadside assistance Surrey BC,Apply for BBB Mainland BC accreditation,bbb.org/ca/bc/accreditation,Accreditation fee,No,Low,P1,Real org; well-known trust signal; strong citation,OPPORTUNITY,2026-10-05,BBB profile is a high-trust citation and helps with local entity recognition. Accreditation adds trust badge.,APPROVED,ADD
5,arabconline.com,https://arabconline.com,verify,verify,Canada,BC,Burnaby,Automotive trade association,High,Medium,Medium,Industry association member directory,No,https://www.towingno1.com,TowingNo.1 — towing & recovery BC,Apply for ARA BC membership,arabconline.com/membership,Membership fee,No,Low,P2,Automotive Retailers Association of BC — industry-relevant,OPPORTUNITY,2026-10-05,Industry association link. Topically relevant automotive body. Verify current member-directory format.,APPROVED,ADD
6,yellowpages.ca,https://www.yellowpages.ca,verify,verify,Canada,BC,Surrey,General directory,High,Medium,Low,Local business listing (NAP citation),No,https://www.towingno1.com,TowingNo.1,Self-serve listing claim/create,yellowpages.ca (self-serve),Free / paid upgrade,No,Low,P2,Major Canadian directory; strong citation authority,OPPORTUNITY,2026-10-05,Core NAP citation. Claim or create listing. Consistent NAP only — no invented details.,APPROVED,ADD
7,411.ca,https://www.411.ca,verify,verify,Canada,BC,Surrey,General directory,High,Medium,Low,Local business listing (NAP citation),No,https://www.towingno1.com,TowingNo.1,Self-serve listing,411.ca (self-serve),Free,No,Low,P2,Major Canadian directory,OPPORTUNITY,2026-10-05,Core citation. Standard NAP + category + website.,APPROVED,ADD
8,yelp.ca,https://www.yelp.ca,verify,verify,Canada,BC,Surrey,Reviews / local listing,Medium,Medium,Low,Local business listing + reviews,No,https://www.towingno1.com,TowingNo.1,Claim listing + encourage genuine reviews,yelp.ca/biz (self-serve),Free,Likely nofollow,Medium,P2,Known platform; links often nofollow but strong citation,OPPORTUNITY,2026-10-05,Citation and review source. Links nofollow but entity/NAP value. Do not solicit fake reviews.,APPROVED,ADD
9,cylex-canada.ca,https://www.cylex-canada.ca,verify,verify,Canada,BC,Surrey,General directory,Medium,Low,Low,Local business listing,No,https://www.towingno1.com,TowingNo.1,Self-serve listing,cylex-canada.ca (self-serve),Free,No,Low,P3,Canadian directory; confirmed in earlier search result,OPPORTUNITY,2026-10-05,Citation volume. Low-effort listing.,APPROVED,ADD
10,n49.com,https://www.n49.com,verify,verify,Canada,BC,Surrey,General directory,Medium,Low,Low,Local business listing,No,https://www.towingno1.com,TowingNo.1,Self-serve listing,n49.com (self-serve),Free,No,Low,P3,Canadian directory,OPPORTUNITY,2026-10-05,Citation volume.,APPROVED,ADD
11,hotfrog.ca,https://www.hotfrog.ca,verify,verify,Canada,BC,Surrey,General directory,Medium,Low,Low,Local business listing,No,https://www.towingno1.com,TowingNo.1,Self-serve listing,hotfrog.ca (self-serve),Free,No,Low,P3,Canadian directory — verify still active before investing time,REVIEW REQUIRED,2026-10-05,Confirm hotfrog.ca is still an active/indexed directory before creating a listing.,REVIEW REQUIRED,VERIFY FIRST
12,profilecanada.com,https://www.profilecanada.com,verify,verify,Canada,BC,Surrey,General directory,Medium,Low,Low,Local business listing,No,https://www.towingno1.com,TowingNo.1,Self-serve listing,profilecanada.com (self-serve),Free,No,Low,P3,Canadian directory — verify still active,REVIEW REQUIRED,2026-10-05,Confirm active and indexed before creating listing.,REVIEW REQUIRED,VERIFY FIRST
13,canpages.ca,https://www.canpages.ca,verify,verify,Canada,BC,Surrey,General directory,Medium,Low,Low,Local business listing,No,https://www.towingno1.com,TowingNo.1,Self-serve listing,canpages.ca (self-serve),Free,No,Low,P3,Confirmed in earlier search result (returned Surrey towing results),OPPORTUNITY,2026-10-05,Citation volume.,APPROVED,ADD
14,manta.com,https://www.manta.com,verify,verify,USA (intl),BC,Surrey,General directory,Low,Low,Low,Local business listing,No,https://www.towingno1.com,TowingNo.1,Self-serve listing,manta.com (self-serve),Free,No,Low,P3,International directory — lower local relevance for BC,MONITOR,2026-10-05,Low local relevance. Add only if easy; do not prioritise.,APPROVED,LOW PRIORITY
15,surreynowleader.com,https://www.surreynowleader.com,verify,verify,Canada,BC,Surrey,Local news media,High,High,High,Editorial / digital PR,No,https://www.towingno1.com/blog/highway-breakdown-guide-bc,TowingNo.1 highway breakdown guide,Pitch as local road-safety resource to editorial team,surreynowleader.com/contact,Free (earned),No,Medium,P2,Major Surrey local paper; confirmed real editorial org,OPPORTUNITY,2026-10-05,Pitch the BC highway breakdown guide or EV-towing article as a timely safety story. October timing is good for winter prep.,APPROVED,PITCH
16,langleyadvancetimes.com,https://www.langleyadvancetimes.com,verify,verify,Canada,BC,Langley,Local news media,High,High,High,Editorial / digital PR,No,https://www.towingno1.com/blog/bc-winter-roadside-safety-checklist,TowingNo.1 winter roadside safety checklist,Pitch winter safety angle to editorial team,langleyadvancetimes.com/contact,Free (earned),No,Medium,P2,Langley's primary local paper,OPPORTUNITY,2026-10-05,Winter safety checklist is timely right now (October). Pitch before first frost.,APPROVED,PITCH
17,peacearchnews.com,https://www.peacearchnews.com,verify,verify,Canada,BC,White Rock / South Surrey,Local news media,High,High,High,Editorial / digital PR,No,https://www.towingno1.com/locations/white-rock,TowingNo.1 White Rock towing,Pitch Peace Arch / beachfront-hill angle to editorial team,peacearchnews.com/contact,Free (earned),No,Medium,P3,Covers White Rock and South Surrey directly,OPPORTUNITY,2026-10-05,Local community story angle — Marine Drive hill recoveries / Peace Arch corridor.,APPROVED,PITCH
18,drivebc.ca,https://www.drivebc.ca,verify,verify,Canada,BC,Province-wide,Government road resource,High,Medium,Low,Resource link (government — very low probability),No,https://www.towingno1.com/blog/highway-breakdown-guide-bc,TowingNo.1 highway breakdown guide,Request resource inclusion from webmaster,drivebc.ca/cms/cmsContactForm,Free,No,Low,P3,Government road-info site; cited by blog post content,MONITOR,2026-10-05,Government sites rarely link to private businesses. Low probability. Monitor if they add a resources page.,REJECTED,LOW PROBABILITY
19,icbc.com,https://www.icbc.com,verify,verify,Canada,BC,Province-wide,Insurance / government,High,Medium,Low,Resource link (government — very low probability),No,https://www.towingno1.com/blog/what-to-do-after-car-accident-bc,TowingNo.1 accident guide,Request resource inclusion,icbc.com/contact,Free,No,Low,P3,Authoritative but government — unlikely to link out to private tow company,MONITOR,2026-10-05,Very low probability. Content cites ICBC correctly. Monitor for any "find a tow truck" resource pages they add.,REJECTED,LOW PROBABILITY
20,drivesmartbc.ca,https://www.drivesmartbc.ca,verify,verify,Canada,BC,Province-wide,Road safety / driving advice,High,High,High,Editorial / resource link,No,https://www.towingno1.com/blog/highway-breakdown-guide-bc,TowingNo.1 highway breakdown guide BC,Outreach as complementary road-safety resource,drivesmartbc.ca/contact,Free (earned),No,Low,P2,Road safety blog run by a retired BC traffic officer — editorial and topically aligned,OPPORTUNITY,2026-10-05,Agent found this via web_search. High topical match — BC-specific driving/safety advice. Breakdown guide is directly on topic. Genuine editorial outreach opportunity.,APPROVED,PITCH
21,boardoftrade.com,https://www.boardoftrade.com,verify,verify,Canada,BC,Vancouver,Chamber of Commerce,Medium,Medium,Medium,Chamber member directory,No,https://www.towingno1.com,TowingNo.1 — towing & roadside assistance Lower Mainland,Join as member,boardoftrade.com/membership,Membership fee,No,Low,P3,Greater Vancouver Board of Trade — broader regional reach,QUALIFIED,2026-10-05,Wider regional membership; lower ROI than the three local chambers. Add after P1 chambers are done.,APPROVED,LOW PRIORITY
