Word,Cost,Clicks,Impressions,Conversions,Top Containing Queries
towing,CA$1.71,2,176,0.00,"(towing near me, mission towing, cloverdale towing)"
bcaa,CA$14.17,5,173,0.00,"(bcaa, bcaa roadside assistance, bcaa membership)"
roadside,CA$6.04,2,55,0.00,"(bcaa roadside assistance, bcaa 24 hour roadside assistance, bcaa roadside assistance number)"
roadside assistance,CA$6.04,2,53,0.00,"(bcaa roadside assistance, bcaa 24 hour roadside assistance, bcaa roadside assistance number)"
near me,CA$1.66,1,50,0.00,"(towing near me, tow truck near me, free jump start car service near me)"
tow,CA$1.66,1,36,0.00,"(tow truck near me, tow truck, tow truck langley)"
truck,CA$1.66,1,35,0.00,"(tow truck near me, tow truck, tow truck langley)"
surrey,CA$0.00,0,30,0.00,"(clover towing surrey, tow truck surrey, boss towing surrey)"
vancouver,CA$0.00,0,20,0.00,"(busters towing vancouver, aria towing vancouver, bcaa north vancouver)"
cloverdale,CA$0.00,0,17,0.00,"(cloverdale towing, cloverdale towing surrey, tow truck cloverdale)"
langley,CA$0.00,0,16,0.00,"(tow truck langley, towing langley bc, cheap towing langley)"
mission,CA$0.25,1,15,0.00,(mission towing)
bcaa membership,CA$0.00,0,15,0.00,"(bcaa membership, bcaa membership phone number)"
number,CA$0.00,0,14,0.00,"(bcaa roadside assistance number, bcaa emergency number, bcaa abbotsford phone number)"
24 hour,CA$0.00,0,14,0.00,"(bcaa 24 hour roadside assistance, bcaa 24 hour line)"
car,CA$0.00,0,10,0.00,"(free jump start car service near me, jumpstart car service, jump start car)"
bc,CA$0.00,0,9,0.00,"(towing langley bc, towing surrey bc, bayview towing surrey bc)"
mundies,CA$0.00,0,9,0.00,(mundies towing)
company,CA$0.00,0,9,0.00,"(towing company, burnaby tow company, langley towing company)"
abbotsford,CA$0.00,0,9,0.00,"(towing abbotsford, bcaa abbotsford phone number, abbotsford mechanics)"
reliable,CA$0.00,0,8,0.00,(reliable towing)
busters,CA$0.00,0,7,0.00,(busters towing vancouver)
clover,CA$0.00,0,7,0.00,(clover towing surrey)
car service,CA$0.00,0,6,0.00,"(free jump start car service near me, jumpstart car service)"
call,CA$0.00,0,6,0.00,"(call bcaa, call bcaa roadside assistance, bcaa call)"
bcaa emergency,CA$0.00,0,5,0.00,"(bcaa emergency number, bcaa emergency roadside, bcaa emergency services)"
jump,CA$0.00,0,5,0.00,"(free jump start car service near me, jump start car)"
start car,CA$0.00,0,5,0.00,"(free jump start car service near me, jump start car)"
services,CA$0.00,0,5,0.00,"(towing services in surrey, a1 towing services, battery services near me)"
in,CA$0.00,0,4,0.00,"(towing services in surrey, bcaa keys locked in car, bcaa locked keys in car)"
south surrey,CA$0.00,0,4,0.00,"(bcaa south surrey, south surrey towing)"
towing chilliwack,CA$0.00,0,4,0.00,"(aj towing chilliwack, towing chilliwack)"
phone number,CA$0.00,0,4,0.00,"(bcaa abbotsford phone number, bcaa langley phone number, bcaa membership phone number)"
jumpstart,CA$0.00,0,3,0.00,(jumpstart car service)
white,CA$0.00,0,3,0.00,(white rock tow truck)
aria towing,CA$0.00,0,3,0.00,"(aria towing vancouver, aria towing)"
caa,CA$0.00,0,3,0.00,"(caa help, caa roadside assistance, caa towing near me)"
boss,CA$0.00,0,3,0.00,(boss towing surrey)
rock,CA$0.00,0,3,0.00,(white rock tow truck)
free,CA$0.00,0,3,0.00,(free jump start car service near me)
jacks,CA$0.00,0,3,0.00,(jacks towing)
delta,CA$0.00,0,2,0.00,(roadway towing delta)
burnaby,CA$0.00,0,2,0.00,(burnaby tow company)
whistler,CA$0.00,0,2,0.00,(whistler towing)
locked,CA$0.00,0,2,0.00,"(bcaa keys locked in car, bcaa locked keys in car)"
a1 towing,CA$0.00,0,2,0.00,"(a1 towing near me, a1 towing services)"
impound,CA$0.00,0,2,0.00,(impound lot near me)
aj,CA$0.00,0,2,0.00,(aj towing chilliwack)
pepe's,CA$0.00,0,2,0.00,(pepe's towing)
roadway,CA$0.00,0,2,0.00,(roadway towing delta)
full,CA$0.00,0,2,0.00,(full time towing)
buster,CA$0.00,0,2,0.00,(buster towing vancouver)
aaa,CA$0.00,0,2,0.00,"(aaa number roadside assistance, call aaa)"
keys,CA$0.00,0,2,0.00,"(bcaa keys locked in car, bcaa locked keys in car)"
north,CA$0.00,0,2,0.00,(bcaa north vancouver)
grandview,CA$0.00,0,2,0.00,(grandview towing)
lot,CA$0.00,0,2,0.00,(impound lot near me)
towstar,CA$0.00,0,2,0.00,(towstar towing)
wally's,CA$0.00,0,2,0.00,(wally's towing)
cheap,CA$0.00,0,2,0.00,(cheap towing langley)
prairie,CA$0.00,0,2,0.00,(kitsons towing portage la prairie)
jordies,CA$0.00,0,2,0.00,(jordies towing surrey)
la,CA$0.00,0,2,0.00,(kitsons towing portage la prairie)
kitsons,CA$0.00,0,2,0.00,(kitsons towing portage la prairie)
time,CA$0.00,0,2,0.00,(full time towing)
portage,CA$0.00,0,2,0.00,(kitsons towing portage la prairie)
big,CA$0.00,0,1,0.00,(big rig towing surrey)
auto,CA$0.00,0,1,0.00,(auto transport truck)
rig,CA$0.00,0,1,0.00,(big rig towing surrey)
companies,CA$0.00,0,1,0.00,(abbotsford towing companies)
contact,CA$0.00,0,1,0.00,(bcaa contact)
island,CA$0.00,0,1,0.00,(bcaa vancouver island)
aldergrove,CA$0.00,0,1,0.00,(aldergrove towing)
ama,CA$0.00,0,1,0.00,(ama roadside assistance)
bayview,CA$0.00,0,1,0.00,(bayview towing surrey bc)
line,CA$0.00,0,1,0.00,(bcaa 24 hour line)
browns,CA$0.00,0,1,0.00,(browns towing near me)
battery,CA$0.00,0,1,0.00,(battery services near me)
arc,CA$0.00,0,1,0.00,(arc towing parksville)
parksville,CA$0.00,0,1,0.00,(arc towing parksville)
aggressive,CA$0.00,0,1,0.00,(aggressive towing)
hours,CA$0.00,0,1,0.00,(bcaa langley hours)
mechanics,CA$0.00,0,1,0.00,(abbotsford mechanics)
ajs,CA$0.00,0,1,0.00,(ajs towing)
transport,CA$0.00,0,1,0.00,(auto transport truck)
help,CA$0.00,0,1,0.00,(caa help)
able,CA$0.00,0,1,0.00,(able towing)
agero,CA$0.00,0,1,0.00,(agero roadside assistance)
